{"cameraMode":{"drawMode":0,"name":"Shaded","section":"Shading Mode"},"sceneLighting":true,"audioPlay":false,"sceneViewState":{"showFog":true,"showMaterialUpdate":false,"showSkybox":true,"showFlares":true,"showImageEffects":true,"showParticleSystems":true},"in2DMode":false,"pivot":{"x":-0.4200265407562256,"y":2.533005952835083,"z":-2.6121912002563478},"rotation":{"x":-0.021239198744297029,"y":0.949530839920044,"z":-0.06591693311929703,"w":-0.3059406876564026},"size":2.975254774093628,"orthographic":false}