{"cameraMode":{"drawMode":0,"name":"Shaded","section":"Shading Mode"},"sceneLighting":false,"audioPlay":false,"sceneViewState":{"showFog":true,"showMaterialUpdate":false,"showSkybox":false,"showFlares":true,"showImageEffects":true,"showParticleSystems":true},"in2DMode":false,"pivot":{"x":-0.09007644653320313,"y":0.43076395988464358,"z":-0.16558265686035157},"rotation":{"x":0.04444821551442146,"y":0.9548272490501404,"z":-0.18139000236988069,"w":0.2322130650281906},"size":13.299195289611817,"orthographic":false}