{"cameraMode":{"drawMode":0,"name":"Shaded","section":"Shading Mode"},"sceneLighting":false,"audioPlay":false,"sceneViewState":{"showFog":true,"showMaterialUpdate":false,"showSkybox":false,"showFlares":true,"showImageEffects":true,"showParticleSystems":true},"in2DMode":false,"pivot":{"x":0.030840516090393068,"y":-0.011837959289550782,"z":0.10520780086517334},"rotation":{"x":0.07514911890029907,"y":0.923117995262146,"z":-0.23049373924732209,"w":0.2992972731590271},"size":1.1085835695266724,"orthographic":false}