{"cameraMode":{"drawMode":0,"name":"Shaded","section":"Shading Mode"},"sceneLighting":true,"audioPlay":false,"sceneViewState":{"showFog":true,"showMaterialUpdate":false,"showSkybox":true,"showFlares":true,"showImageEffects":true,"showParticleSystems":true},"in2DMode":false,"pivot":{"x":-0.15070021152496339,"y":1.4892197847366334,"z":0.22336840629577638},"rotation":{"x":-0.12231606245040894,"y":0.8300536870956421,"z":-0.20076259970664979,"w":-0.5057170987129211},"size":1.3411790132522584,"orthographic":false}