{"cameraMode":{"drawMode":0,"name":"Shaded","section":"Shading Mode"},"sceneLighting":false,"audioPlay":false,"sceneViewState":{"showFog":true,"showMaterialUpdate":false,"showSkybox":false,"showFlares":true,"showImageEffects":true,"showParticleSystems":true},"in2DMode":false,"pivot":{"x":0.010900497436523438,"y":0.02242434024810791,"z":-0.026297450065612794},"rotation":{"x":0.04444821551442146,"y":0.9548272490501404,"z":-0.18139000236988069,"w":0.2322130650281906},"size":1.4188499450683594,"orthographic":false}