{"cameraMode":{"drawMode":0,"name":"Shaded","section":"Shading Mode"},"sceneLighting":false,"audioPlay":false,"sceneViewState":{"showFog":true,"showMaterialUpdate":false,"showSkybox":false,"showFlares":true,"showImageEffects":true,"showParticleSystems":true},"in2DMode":false,"pivot":{"x":-3.0547380447387697e-7,"y":0.051788508892059329,"z":0.2562011182308197},"rotation":{"x":0.04444821551442146,"y":0.9548272490501404,"z":-0.18139000236988069,"w":0.2322130650281906},"size":0.36854028701782229,"orthographic":false}