{"cameraMode":{"drawMode":0,"name":"Shaded","section":"Shading Mode"},"sceneLighting":false,"audioPlay":false,"sceneViewState":{"showFog":true,"showMaterialUpdate":false,"showSkybox":false,"showFlares":true,"showImageEffects":true,"showParticleSystems":true},"in2DMode":false,"pivot":{"x":-0.000009872019290924072,"y":0.41248422861099245,"z":8.121132850646973e-7},"rotation":{"x":0.12348867952823639,"y":0.46152254939079287,"z":-0.06465787440538407,"w":0.8763916492462158},"size":0.5223342776298523,"orthographic":false}