{"cameraMode":{"drawMode":0,"name":"Shaded","section":"Shading Mode"},"sceneLighting":false,"audioPlay":false,"sceneViewState":{"showFog":true,"showMaterialUpdate":false,"showSkybox":false,"showFlares":true,"showImageEffects":true,"showParticleSystems":true},"in2DMode":false,"pivot":{"x":0.000003814697265625,"y":1.499999761581421,"z":-0.0000010728836059570313},"rotation":{"x":-0.03965304419398308,"y":0.4253716766834259,"z":-0.018602736294269563,"w":-0.9040388464927673},"size":2.500499725341797,"orthographic":false}