{"cameraMode":{"drawMode":0,"name":"Shaded","section":"Shading Mode"},"sceneLighting":false,"audioPlay":false,"sceneViewState":{"showFog":true,"showMaterialUpdate":false,"showSkybox":false,"showFlares":true,"showImageEffects":true,"showParticleSystems":true},"in2DMode":false,"pivot":{"x":0.30000001192092898,"y":1.0,"z":0.05000001937150955},"rotation":{"x":0.11235587298870087,"y":0.7109980583190918,"z":-0.11620604246854782,"w":0.684725821018219},"size":1.045227289199829,"orthographic":false}