{"cameraMode":{"drawMode":0,"name":"Shaded","section":"Shading Mode"},"sceneLighting":false,"audioPlay":false,"sceneViewState":{"showFog":true,"showMaterialUpdate":false,"showSkybox":true,"showFlares":true,"showImageEffects":true,"showParticleSystems":true},"in2DMode":false,"pivot":{"x":-0.14470210671424867,"y":0.9726255536079407,"z":-0.8991268873214722},"rotation":{"x":-0.03876936808228493,"y":0.7642883062362671,"z":-0.04614994674921036,"w":-0.6420530080795288},"size":1.210279941558838,"orthographic":false}