{"cameraMode":{"drawMode":0,"name":"Shaded","section":"Shading Mode"},"sceneLighting":true,"audioPlay":false,"sceneViewState":{"showFog":true,"showMaterialUpdate":false,"showSkybox":true,"showFlares":true,"showImageEffects":true,"showParticleSystems":true},"in2DMode":false,"pivot":{"x":668.7999877929688,"y":395.70001220703127,"z":0.0},"rotation":{"x":-0.200981006026268,"y":-0.04043164104223251,"z":0.007891698740422726,"w":-0.9788421988487244},"size":237.88882446289063,"orthographic":false}