{"cameraMode":{"drawMode":0,"name":"Shaded","section":"Shading Mode"},"sceneLighting":true,"audioPlay":false,"sceneViewState":{"showFog":true,"showMaterialUpdate":false,"showSkybox":true,"showFlares":true,"showImageEffects":true,"showParticleSystems":true},"in2DMode":false,"pivot":{"x":371.1600036621094,"y":302.52716064453127,"z":43.322967529296878},"rotation":{"x":0.01650039479136467,"y":0.029316842555999757,"z":0.0004935920587740839,"w":-0.9995939135551453},"size":139.3975067138672,"orthographic":false}