{"cameraMode":{"drawMode":0,"name":"Shaded","section":"Shading Mode"},"sceneLighting":true,"audioPlay":false,"sceneViewState":{"showFog":true,"showMaterialUpdate":false,"showSkybox":true,"showFlares":true,"showImageEffects":true,"showParticleSystems":true},"in2DMode":false,"pivot":{"x":-0.10363936424255371,"y":8.399354934692383,"z":5.740497589111328},"rotation":{"x":-0.14997288584709168,"y":-0.11166085302829743,"z":0.017054326832294465,"w":-0.9823781251907349},"size":10.590517044067383,"orthographic":false}