{"cameraMode":{"drawMode":0,"name":"Shaded","section":"Shading Mode"},"sceneLighting":true,"audioPlay":false,"sceneViewState":{"showFog":true,"showMaterialUpdate":false,"showSkybox":true,"showFlares":true,"showImageEffects":true,"showParticleSystems":true},"in2DMode":false,"pivot":{"x":14.517066955566407,"y":51.19890213012695,"z":170.43174743652345},"rotation":{"x":-0.16424182057380677,"y":0.38971027731895449,"z":-0.07128408551216126,"w":-0.9034886956214905},"size":29.298198699951173,"orthographic":false}