{"cameraMode":{"drawMode":0,"name":"Shaded","section":"Shading Mode"},"sceneLighting":true,"audioPlay":false,"sceneViewState":{"showFog":true,"showMaterialUpdate":false,"showSkybox":true,"showFlares":true,"showImageEffects":true,"showParticleSystems":true},"in2DMode":false,"pivot":{"x":-54.19321823120117,"y":74.16661071777344,"z":212.0131072998047},"rotation":{"x":-0.3103265166282654,"y":-0.6377771496772766,"z":0.3124922513961792,"w":-0.632060706615448},"size":56.47874450683594,"orthographic":false}