{"cameraMode":{"drawMode":0,"name":"Shaded","section":"Shading Mode"},"sceneLighting":true,"audioPlay":false,"sceneViewState":{"showFog":true,"showMaterialUpdate":false,"showSkybox":true,"showFlares":true,"showImageEffects":true,"showParticleSystems":true},"in2DMode":false,"pivot":{"x":-2.130189895629883,"y":5.007858753204346,"z":2.166598320007324},"rotation":{"x":0.2569690942764282,"y":-0.4583469033241272,"z":0.14014458656311036,"w":0.8394117951393127},"size":3.9247446060180666,"orthographic":false}