{"cameraMode":{"drawMode":0,"name":"Shaded","section":"Shading Mode"},"sceneLighting":true,"audioPlay":false,"sceneViewState":{"showFog":true,"showMaterialUpdate":false,"showSkybox":true,"showFlares":true,"showImageEffects":true,"showParticleSystems":true},"in2DMode":false,"pivot":{"x":-6.0452189445495609,"y":12.999654769897461,"z":-1.4302219152450562},"rotation":{"x":0.010250560007989407,"y":0.9693173766136169,"z":-0.24215500056743623,"w":0.04102732613682747},"size":10.0,"orthographic":false}